title,price,rating,availability
Apple iPhone 13 (128GB) - Pink,"64,900.00",4.6 out of 5 stars,
Apple iPhone 14 Plus (128 GB) - Midnight,"84,900.00",4.5 out of 5 stars,In stock
Apple iPhone 13 (128GB) - Starlight,,4.6 out of 5 stars,Currently unavailable.
Apple iPhone 13 (128GB) - Midnight,"62,999.00",4.6 out of 5 stars,
Apple iPhone 14 Pro (128 GB) - Gold,"1,19,999.00",4.5 out of 5 stars,In stock
Apple iPhone 14 Pro (256 GB) - Space Black,"1,29,999.00",4.5 out of 5 stars,In stock
"ESR for iPhone 14 Pro Max Case with Magsafe, Scratch-Resistant, Thin and Slim, Classic Shockproof Military-Grade Protection, TPU, Magnetic Back Cover, Clear Purple","1,709.00",4.3 out of 5 stars,In stock
Apple iPhone 14 Pro (128 GB) - Deep Purple,"1,19,999.00",4.5 out of 5 stars,
OpenTechÂ® Military-Grade Tempered Glass Screen Protector Compatible for iPhone 13/13 Pro / 14 with Edge to Edge Coverage and Easy Installation kit (6.1 Inches),299.00,4.3 out of 5 stars,In stock
Spigen EZ Fit Tempered Glass Screen Protector Guard for iPhone 14 Plus / 13 Pro Max - 2 Pack,"1,199.00",4.6 out of 5 stars,In stock
Amozo Shockproof Liquid Silicone Designed for iPhone 14 / iPhone 13 Back Cover Case Gel Rubber Full Body Protection Anti-Shock Cover Case Drop Protection(Silicone|Black),284.00,4.0 out of 5 stars,In stock
"ESR for iPhone 14 Pro Max Case with Magsafe, Scratch-Resistant, Thin and Slim, Classic Shockproof Military-Grade Protection, TPU, Magnetic Back Cover, Clear Purple","1,709.00",4.3 out of 5 stars,In stock
Apple iPhone 14 Plus (256 GB) - Blue,"90,999.00",4.5 out of 5 stars,In stock
Apple iPhone 14 (128 GB) - Purple,"71,999.00",4.5 out of 5 stars,Available to ship in 1-2 days
Apple iPhone 14 Pro (128 GB) - Deep Purple,"1,19,999.00",4.5 out of 5 stars,
Apple iPhone 13 (128GB) - Pink,"64,900.00",4.6 out of 5 stars,
Apple iPhone 14 Pro Max (256 GB) - Gold,"1,49,900.00",4.5 out of 5 stars,Only 1 left in stock
Apple iPhone 13 (128GB) - (Product) RED,"61,990.00",4.6 out of 5 stars,In stock
Apple iPhone 12 (64GB) - White,"59,900.00",4.5 out of 5 stars,In stock
Apple iPhone 14 Pro Max (128 GB) - Space Black,"1,27,999.00",4.5 out of 5 stars,In stock
Apple iPhone 12 (64GB) - (Product) RED,"53,999.00",4.5 out of 5 stars,In stock
Apple iPhone 14 Plus (128 GB) - Purple,"80,999.00",4.5 out of 5 stars,In stock
Apple iPhone 14 Pro Max (128 GB) - Deep Purple,"1,27,999.00",4.5 out of 5 stars,In stock
Apple iPhone 14 Pro (256 GB) - Space Black,"1,29,999.00",4.5 out of 5 stars,In stock
Apple iPhone 14 Pro (256 GB) - Gold,"1,29,999.00",4.5 out of 5 stars,In stock
Apple iPhone 14 Plus (128 GB) - Blue,"80,999.00",4.5 out of 5 stars,In stock
5s 16GB Original Smartphones Compatible Apple iPhone (Space Grey),"11,999.00",Previous page,In stock
6 64GB Original Smartphones Compatible Apple iPhone (Gold),"18,499.00",Previous page,In stock
Apple iPhone 12 (64GB) - Black,"56,900.00",4.5 out of 5 stars,Available to ship in 1-2 days
Apple iPhone 14 (128 GB) - (Product) RED,"71,999.00",4.5 out of 5 stars,
Apple iPhone 12 (256GB) - Purple,"69,900.00",4.5 out of 5 stars,In stock
Apple iPhone SE (64 GB) - Starlight (3rd Generation),"49,900.00",4.2 out of 5 stars,In stock
Apple iPhone 14 Plus (256 GB) - Purple,"90,999.00",4.5 out of 5 stars,In stock
